Id,Comment,Review
1,Great shot! 😍,1
2,Love this picture! ❤️,1
3,Amazing content! 👌,1
4,Fantastic post! 😊,1
5,Beautiful capture! ,1
6,Absolutely stunning! 😍,1
7,Incredible work! 👏,1
8,This is awesome! 🙌,1
9,So inspiring! 💫,1
10,Absolutely love it! 💖,1
11,Not impressed,0
12,Disappointing photo. 😕,0
13,Not my cup of tea. 🤷‍♂️,0
14,Could be better. 🤔,0
15,"Meh, it's okay. 😐",0
16,Nothing special. 🙄,0
17,Could use improvement. 💭,0
18,Not feeling it. 😔,0
19,It's just alright. 😕,0
20,Could be more creative. 💡,0
21,This is amazing! 😍,1
22,Love the vibes! ✨,1
23,So much talent! 👏,1
24,Absolutely gorgeous! 💖,1
25,This is breathtaking! 😱,1
26,Fantastic job! 👍,1
27,In awe of this! 😍,1
28,You nailed it! 🎯,1
29,Obsessed with this! 😍,1
30,Brilliant work! 💯,1
31,Not my style. 🤷‍♀️,0
32,Not feeling this. 😔,0
33,Could be better executed. 💭,0
34,Didn't catch my eye. 🙄,0
35,This could improve. 📝,0
36,Lacking something. 🤔,0
37,Not what I expected. 😕,0
38,Missing the mark. 🎯,0
39,"Nice try, but no. 🚫",0
40,This is fire! 🔥,1
41,So much talent here! 👌,1
42,Absolutely stunning! 😍,1
43,Incredible shot! 📸,1
44,This is perfection! 👌,1
45,Totally mesmerizing! 😍,1
46,Impressive work! 👏,1
47,Absolutely love it! 💖,1
48,This is amazing! 😍,1
49,Not my thing. 🤷‍♂️,0
50,Could be better. 🤔,0
51,Disappointing. 😔,0
52,It's alright. 😐,0
53,Just okay. 😕,0
54,Not what I expected. 😒,0
55,Needs improvement. 💭,0
56,Underwhelmed. 🙄,0
57,Could use some polish. ✨,0
58,This doesn't wow me. 😕,0
59,Not my favorite. 🤷‍♀️,0
60,This is gold! 🌟,1
61,Absolutely amazing! 😍,1
62,This is everything! 💖,1
63,Mind-blowing! 🤯,1
64,Such talent! 👏,1
65,This is epic! 🚀,1
66,Seriously impressive! 👍,1
67,This is top-notch! 👌,1
68,Pure brilliance! 💫,1
69,So inspiring! 🌈,1
70,Didn't quite hit the mark. 😔,0
71,Lacks creativity. 🤔,0
72,Underwhelming. 😕,0
73,Expected more. 😒,0
74,Not my style. 🤷‍♂️,0
75,Could be better executed. 💭,0
76,This didn't grab my attention. 🙄,0
77,Misses the mark. 🎯,0
78,Not my cup of tea. 🍵,0
79,This is fantastic! 😍,1
80,Absolutely brilliant! 👏,1
81,This is top-tier! 💯,1
82,Phenomenal! 🌟,1
83,his is gold! ✨,1
84,This is incredible! 😍,1
85,Such talent! 👌,1
86,Absolutely stunning! 💖,1
87,In awe of this! 👏,1
88,This is amazing! 😊,1
89,Outstanding work! 🙌,1
90,This is just perfect! 👍,1
91,Not feeling this. 😔,0
92,Underwhelmed. 😕,0
93,Expected more. 😒,0
94,Could use improvement. 💭,0
95,It's just okay. 😐,0
96,Not my style. 🤷‍♀️,0
97,This is fire! 🔥,1
98,Absolutely love it! 😍,1
99,This is amazing! 🌟,1
100,Incredible work! 👏,1
101,Love this shot! 😍,1
102,Amazing work! ✨,1
103,Fantastic picture! 👏,1
104,Brilliant! 🙌,1
105,Absolutely beautiful! 💖,1
106,Such a lovely photo! 😊,1
107,Not feeling it. 😒,0
108,This is not good. 😞,0
109,Disappointing quality. 😔,0
110,I expected better. 😕,0
111,This doesn't interest me. 😴,0
112,This is terrible. 😠,0
113,I'm let down. 😞,0
114,Not sure how I feel about this. 🤷‍♂️,-1
115,"It's average, I guess. 😐",-1
116,I'm unsure about it. 🤔,-1
117,I don't have a strong opinion. 😐,-1
118,I'm neutral about this. 🤔,-1
119,It's neither here nor there. 🤷‍♀️,-1
120,This shot is incredible! 😍,1
121,Simply stunning! ✨,1
122,Exceptional work! 👏,1
123,Mind-blowing! 🙌,1
124,Gorgeous picture! 💖,1
125,Absolutely breathtaking! 😊,1
126,Not my cup of tea. 😒,0
127,This is disappointing. 😞,0
128,I'm not impressed. 😕,0
129,Underwhelming quality. 😔,0
130,I'm not interested. 😴,0
131,This is awful. 😠,0
132,I'm not satisfied. 😞,0
133,Neutral about this. 🤷‍♂️,-1
134,"It's okay, I suppose. 😐",-1
135,I have mixed feelings. 🤔,-1
136,I'm indifferent. 😐,-1
137,I'm not sure about it. 🤔,-1
138,It's neither here nor there. 🤷‍♀️,-1
139,This shot is incredible! 😍,1
140,Simply stunning! ✨,1
141,Exceptional work! 👏,1
142,Mind-blowing! 🙌,1
143,Gorgeous picture! 💖,1
144,Absolutely breathtaking! 😊,1
145,Not my cup of tea. 😒,0
146,This is disappointing. 😞,0
147,I'm not impressed. 😕,0
148,Underwhelming quality. 😔,0
149,I'm not interested. 😴,0
150,This is awful. 😠,0
151,I'm not satisfied. 😞,0
152,Neutral about this. 🤷‍♂️,-1
153,"It's okay, I suppose. 😐",-1
154,I have mixed feelings. 🤔,-1
155,I'm indifferent. 😐,-1
156,I'm not sure about it. 🤔,-1
157,It's neither here nor there. 🤷‍♀️,-1
158,This shot is incredible! 😍,1
159,Simply stunning! ✨,1
160,Exceptional work! 👏,1
161,Mind-blowing! 🙌,1
162,Gorgeous picture! 💖,1
163,Absolutely breathtaking! 😊,1
164,Not my cup of tea. 😒,0
165,This is disappointing. 😞,0
166,I'm not impressed. 😕,0
167,Underwhelming quality. 😔,0
168,I'm not interested. 😴,0
169,This is awful. 😠,0
170,I'm not satisfied. 😞,0
171,Neutral about this. 🤷‍♂️,-1
172,"It's okay, I suppose. 😐",-1
173,I have mixed feelings. 🤔,-1
174,I'm indifferent. 😐,-1
175,I'm not sure about it. 🤔,-1
176,It's neither here nor there. 🤷‍♀️,-1
177,This shot is incredible! 😍,1
178,Simply stunning! ✨,1
179,Exceptional work! 👏,1
180,Mind-blowing! 🙌,1
181,Gorgeous picture! 💖,1
182,Absolutely breathtaking! 😊,1
183,Not my cup of tea. 😒,0
184,This is disappointing. 😞,0
185,I'm not impressed. 😕,0
186,Underwhelming quality. 😔,0
187,I'm not interested. 😴,0
188,This is awful. 😠,0
189,I'm not satisfied. 😞,0
190,Neutral about this. 🤷‍♂️,-1
191,"It's okay, I suppose. 😐",-1
192,I have mixed feelings. 🤔,-1
193,I'm indifferent. 😐,-1
194,I'm not sure about it. 🤔,-1
195,It's neither here nor there. 🤷‍♀️,-1
196,Loving the weather today! ,1
197,Excited for the weekend! 🎉,1
198,This is fantastic news! ,1
199,Feeling grateful for all the love and support! ,1
200,Amazing job on your presentation! ,1
201,Having a great day so far! ,1
202,Not impressed with the service at this restaurant. ,0
203,This is terrible news. ,0
204,Disappointing results from the game. ,0
205,I expected better from this company. ,0
206,Feeling bored at home. ,0
207,Such a letdown. ,0
208,I'm disappointed with the outcome. ,0
209,Neutral about the new policy. ,-1
210,"It's okay, I guess. ",-1
211,Mixed feelings about it. ,-1
212,I have no strong opinions about this. ,-1
213,Not sure how I feel about it. ,-1
214,I'm indifferent. ,-1
215,Loving the new updates! Great job! ,1
216,Excited to see what's next! ,1
217,Fantastic work on the redesign! ,1
218,Feeling inspired by your words! ,1
219,Such an uplifting message! ,1
220,Having a blast at the event! ,1
221,Not happy with the delay in delivery. ,0
222,This is disappointing news. ,0
223,Not impressed with the quality. ,0
224,Feeling frustrated with the traffic. ,0
225,Such a waste of time. ,0
226,I'm not entertained. ,0
227,It's just okay. ,-1
228,Neither good nor bad. ,-1
229,I'm neutral about this. ,-1
230,Not sure how I feel about it. ,-1
231,"It's alright, I suppose. ",-1
232,I'm indifferent. ,-1
233,Loving the new feature! Makes life so much easier. ,1
234,Excited to try out the latest update! ,1
235,This is excellent news! ,1
236,Feeling grateful for all the opportunities. ,1
237,Amazing performance by the team! ,1
238,Having a wonderful day! ,1
239,Not happy with the customer service. ,0
240,Disappointing results from the survey. ,0
241,Not impressed with the product. ,0
242,Feeling annoyed with the constant notifications. ,0
243,Such a letdown. ,0
244,I'm disappointed with the service. ,0
245,Neutral about the new policy. ,-1
246,"It's okay, I guess. ",-1
247,Mixed feelings about it. ,-1
248,I have no strong opinions about this. ,-1
249,Not sure how I feel about it. ,-1
250,I'm indifferent. ,-1
251,Loving the new updates! Great job! ,1
252,Excited to see what's next! ,1
253,Fantastic work on the redesign! ,1
254,Feeling inspired by your words! ,1
255,Such an uplifting message! ,1
256,Having a blast at the event! ,1
257,Not happy with the delay in delivery. ,0
258,This is disappointing news. ,0
259,Not impressed with the quality. ,0
260,Feeling frustrated with the traffic. ,0
261,Such a waste of time. ,0
262,I'm not entertained. ,0
263,It's just okay. ,-1
264,Neither good nor bad. ,-1
265,I'm neutral about this. ,-1
266,Not sure how I feel about it. ,-1
267,"It's alright, I suppose. ",-1
268,I'm indifferent. ,-1
269,Great video! Really enjoyed it,1
270,Awesome content! Keep it up.,1
271,This was so helpful! Thank you.,1
272,I'm learning a lot from your channel.,1
273,Absolutely love your videos! ,1
274,You're doing an amazing job! ,1
275,I'm inspired by your work.,1
276,Not impressed with this video.,0
277,This is terrible. Waste of time.,0
278,I expected better from this channel. ,0
279,Disappointing content. ,0
280,I'm so bored watching this. ,0
281,Such a letdown.,0
282,I'm disappointed.,0
283,Neutral about this video.,-1
284,"It's okay, I guess. ",-1
285,Mixed feelings about it.,-1
286,I have no strong opinions about this. ,-1
287,Not sure how I feel about it. ,-1
288,I'm indifferent. ,-1
289,Fantastic video! Loved every bit of it. ,1
290,Incredible job! Keep it up.,1
291,I'm loving every bit of this! ,1
292,Your channel is my favorite!,1
293,You're doing great!,1
294,I'm disappointed with this video. ,0
295,This is not what I expected.,0
296,I'm not impressed at all,0
297,Really disappointed by this content. ,0
298,Such a waste of time.,0
299,I'm not entertained.,0
300,It's just okay. ,-1
301,Neither good nor bad.,-1
302,I'm neutral about this.,-1
303,Not sure how I feel about it.,-1
304,"It's alright, I suppose. ",-1
305,I'm indifferent.,-1
306,Fantastic video! Loved every bit of it. ,1
307,Your channel is amazing!,1
308,Inspiring content! ,1
309,I'm hooked to your videos!,1
310,You're doing great! ,1
311,You're my favorite YouTuber!,1
312,I'm disappointed with this video. ,0
313,This is not what I expected.,0
314,I'm not impressed at all.,0
315,Really disappointed by this content. ,0
316,Such a waste of time.,0
317,I'm not entertained.,0
318,It's just okay. ,-1
319,Neither good nor bad. ,-1
320,I'm neutral about this.,-1
321,Not sure how I feel about it,-1
322,"It's alright, I suppose.",-1
323,I'm indifferent. ,-1
324,Fantastic video! Loved every bit of it.,1
325,Your channel is amazing!,1
326,Inspiring content! ,1
327,I'm hooked to your videos!,1
328,You're doing great! ,1
329,You're my favorite YouTuber!,1
330,I'm disappointed with this video,0
331,This is not what I expected.,0
332,I'm not impressed at all. ,0
333,Really disappointed by this content.,0
334,Such a waste of time.,0
335,I'm not entertained.,0
336,It's just okay.,-1
337,Neither good nor bad.,-1
338,I'm neutral about this,-1
339,Not sure how I feel about it.,-1
340,"It's alright, I suppose",-1
341,I'm indifferent. ,-1
342,This is amazing! So happy for you. ,1
343,Couldn't be happier!,1
344,Such a win! ,1
345,I'm over the moon!,1
346,This made my day!,1
347,I'm feeling down after watching this. ,0
348,Not what I was hoping for. ,0
349,Feeling disappointed. ,0
350,Feeling let down. ,0
351,Feeling frustrated.,0
352,I don't really care either way. ,-1
353,It's whatever.,-1
354,Not sure how I feel about it.,-1
355,No strong feelings about it.,-1
356,Indifferent about this. ,-1
357,Could be better. ,0
358,That's awesome! So happy for you.,1
359,Thrilled beyond words!,1
360,Jumping with joy!,1
361,This is the best news ever!,1
362,Feeling devastated by this news. ,0
363,Utterly disappointed.,0
364,Feeling crushed. ,0
365,Disappointed beyond words.,0
366,Absolutely furious.,0
367,Don't really care about it. ,-1
368,It's not a big deal. ,-1
369,Love this shot! ,1
370,Amazing work! ,1
371,Fantastic picture! ,1
372,Brilliant! ,1
373,Absolutely beautiful! ,1
374,Such a lovely photo! ,1
375,Not feeling it. 😒,0
376,This is not good. ,0
377,Disappointing quality. ,0
378,I expected better. ,0
379,This doesn't interest me. ,0
380,This is terrible. ,0
381,I'm let down. ,0
382,Not sure how I feel about this. 🤷‍,-1
383,"It's average, I guess. ",-1
384,I'm unsure about it. ,-1
385,I don't have a strong opinion. ,-1
386,I'm neutral about this. ,-1
387,It's neither here nor there. ,-1
388,This shot is incredible! ,1
389,Simply stunning! ✨,1
390,Exceptional work! 👏,1
391,Mind-blowing! ,1
392,Gorgeous picture! ,1
393,Absolutely breathtaking! ,1
394,Not my cup of tea. ,0
395,This is disappointing. ,0
396,I'm not impressed. ,0
397,Underwhelming quality. ,0
398,I'm not interested. 😴,0
399,This is awful. 😠,0
400,I'm not satisfied. ,0
401,Neutral about this. 🤷‍♂️,-1
402,"It's okay, I suppose. 😐",-1
403,I have mixed feelings. 🤔,-1
404,I'm indifferent. ,-1
405,I'm not sure about it. ,-1
406,It's neither here nor there. ,-1
407,This shot is incredible! ,1
408,Simply stunning! ✨,1
409,Exceptional work! ,1
410,Mind-blowing! ,1
411,Gorgeous picture! ,1
412,Absolutely breathtaking! ,1
413,Not my cup of tea. 😒,0
414,This is disappointing. ,0
415,I'm not impressed. ,0
416,Underwhelming quality. ,0
417,I'm not interested. ,0
418,This is awful. ,0
419,I'm not satisfied. 😞,0
420,Neutral about this. ,-1
421,"It's okay, I suppose. ",-1
422,I have mixed feelings. 🤔,-1
423,I'm indifferent. ,-1
424,I'm not sure about it. 🤔,-1
425,It's neither here nor there. 🤷,-1
426,This shot is incredible! ,1
427,Simply stunning! ,1
428,Exceptional work! ,1
429,Mind-blowing! ,1
430,Gorgeous picture! 💖,1
431,Absolutely breathtaking! 😊,1
432,Not my cup of tea. ,0
433,This is disappointing. ,0
434,I'm not impressed. 😕,0
435,Underwhelming quality. ,0
436,I'm not interested. ,0
437,This is awful. ,0
438,I'm not satisfied. 😞,0
439,Neutral about this. ,-1
440,"It's okay, I suppose. ",-1
441,I have mixed feelings. ,-1
442,I'm indifferent. ,-1
443,I'm not sure about it. ,-1
444,It's neither here nor there. ,-1
445,This shot is incredible! 😍,1
446,Simply stunning! ✨,1
447,Exceptional work! 👏,1
448,Mind-blowing! 🙌,1
449,Gorgeous picture! ,1
450,Absolutely breathtaking! ,1
451,Not my cup of tea. ,0
452,This is disappointing. ,0
453,I'm not impressed. 😕,0
454,Underwhelming quality. 😔,0
455,I'm not interested.,0
456,This is awful. ,0
457,I'm not satisfied. ,0
458,Neutral about this. 🤷,-1
459,"It's okay, I suppose. ",-1
460,I have mixed feelings. 🤔,-1
461,I'm indifferent. ,-1
462,I'm not sure about it. 🤔,-1
463,It's neither here nor there. ,-1
464,Gorgeous picture! 💖,1
465,Absolutely breathtaking! 😊,1
466,Not my cup of tea. ,0
467,This is disappointing. ,0
468,I'm not impressed. 😕,0
469,Underwhelming quality. ,0
470,I'm not interested. ,0
471,This is awful. ,0
472,I'm not satisfied. 😞,0
473,Neutral about this. ,-1
474,"It's okay, I suppose. ",-1
475,I have mixed feelings. ,-1
476,I'm indifferent. ,-1
477,I'm not sure about it. ,-1
478,It's neither here nor there. ,-1
479,This shot is incredible! 😍,1
480,Simply stunning! ✨,1
481,Exceptional work! 👏,1
482,Mind-blowing! 🙌,1
483,Absolutely phenomenal work! 😍,1
484,Exquisite craftsmanship! 👌,1
485,This is pure genius! ✨,1
486,I'm truly impressed! 👏,1
487,Absolutely breathtaking! 💖,1
488,Incredible talent on display! 🌟,1
489,You've outdone yourself! 🎉,1
490,So inspiring! 💫,1
491,This is exceptional! 🙌,1
492,Absolutely mesmerizing! 🌈,1
493,This is top-notch! 💪,1
494,Absolutely outstanding! 👍,1
495,I'm blown away! 🚀,1
496,This is a masterpiece! 🎨,1
497,Incredibly beautiful! 😊,1
498,Pure perfection! ,1
499,I'm in love with this! 💖,1
500,Absolutely stunning! 😲,1
501,This is magical! ✨,1
502,You're a true talent! 👏,1
503,Bravo! 👏,1
504,This is art! 🖼️,1
505,Such skill on display! 💪,1
506,I'm speechless! 😶,1
507,This is exceptional work! 🌟,1
508,You've nailed it! ,1
509,This is breathtaking!,1
510,Truly remarkable! ,1
511,Absolutely flawless! 💖,1
512,So impressive!,1
513,This is incredible! ,1
514,I'm amazed! ,1
515,Such creativity! ,1
516,You've captured my heart! ,1
517,This is pure joy! ,1
518,I'm inspired! ,1
519,Such talent! ,1
520,Absolutely fantastic! ,1
521,This is outstanding! ,1
522,You've exceeded all expectations! 🚀,1
523,I'm blown away by this! 😲,1
524,Absolutely phenomenal! 👌,1
525,This is genius! 🧠,1
526,I'm in awe of your talent! ,1
527,I'm impressed beyond words!,1
528,You've got a gift! 🎁,1
529,Absolutely incredible! ,1
530,This is pure gold! 💛,1
531,I'm loving every bit of this! 💖,1
532,ou're a star! ⭐,1
533,his is top-of-the-line!,1
534,Outstanding work!,1
535,This is pure magic! ,1
536,Absolutely phenomenal! ,1
537,This is brilliant! ,1
538,You're a true artist!,1
539,I'm in awe! ,1
540,You've got serious talent! ,1
541,I'm in love with this! 💖,1
542,Absolutely stunning! 😍,1
543,This is next-level!,1
544,You're unstoppable!,1
545,This is legendary,1
546,You're a creative genius!,1
547,This is beyond amazing! ,1
548,I'm impressed!,1
549,This is pure joy!,1
550,You're a master! ,1
551,Absolutely brilliant! 👏,1
552,This is a work of art! 🖼️,1
553,You're on fire! 🔥,1
554,I'm in awe of your talent! 🤩,1
555,This is incredible! 😍,1
556,You've got the golden touch!,1
557,Absolutely fantastic work! 💫,1
558,This is a masterpiece! ,1
559,You've got the magic touch!,1
560,This is phenomenal! ,1
561,You've got serious skills!,1
562,Absolutely breathtaking! ,1
563,This is pure perfection! 💖,1
564,You're amazing! ,1
565,This is genius!,1
566,You're a true inspiration! ,1
567,Absolutely stunning! ,1
568,This is legendary! 🏆,1
569,You're a creative force!,1
570,This is jaw-dropping! 😲,1
571,You're a true visionary! 🌈,1
572,This is pure magic! ✨,1
573,You've got the Midas touch!,1
574,Absolutely phenomenal! ,1
575,This is top-notch! ,1
576,You're a true talent,1
577,This is beyond amazing! 🤯,1
578,You're on another level! 🚀,1
579,This is mind-blowing! 🤯,1
580,You're a creative genius! ,1
581,This is absolutely incredible!,1
582,Remarkable job! 💯,1
583,Not impressed.,0
584,Disappointing outcome. ,0
585,I expected better quality. ,0
586,This falls short. ,0
587,I'm not satisfied with this. ,0
588,Underwhelming performance. 😕,0
589,This is just average. ,0
590,I'm not feeling it. ,0
591,This is subpar. ,0
592,This is disappointing. 😞,0
593,Not up to par. ,0
594,This didn't meet my expectations. 😕,0
595,This doesn't impress me. ,0
596,I'm not thrilled with this. ,0
597,This is lackluster. 😕,0
598,I'm not blown away. ,0
599,This is mediocre. ,0
600,This is below par. ,0
601,This is nothing special. ,0
602,This is a letdown. 😞,0
603,I'm not impressed at all. ,0
604,This is underwhelming. ,0
605,I'm not captivated. 😕,0
606,This is uninspiring. ,0
607,I expected more. ,0
608,This is just okay. ,0
609,This is unremarkable. ,0
610,This is mediocre at best. ,0
611,This is not what I hoped for. 😔,0
612,This is disappointing news. ,0
613,This is a bit of a letdown. ,0
614,This is quite disappointing. ,0
615,I'm not overly impressed. ,0
616,This is not very impressive. ,0
617,This is not my cup of tea. ,0
618,This is not what I expected. ,0
619,I'm not thrilled with this outcome. 😔,0
620,This is a bit of a disappointment. ,0
621,This is lackluster at best. 😕,0
622,This is rather unimpressive. 😐,0
623,This is not up to my standards. ,0
624,This is not particularly impressive. ,0
625,This is rather average. ,0
626,This is not very exciting. ,0
627,This is rather underwhelming. ,0
628,This is not very inspiring. 😕,0
629,This is not very captivating. ,0
630,This is not very remarkable. ,0
631,This is not overly impressive. 😐,0
632,This is rather mediocre. ,0
633,This is not overly captivating. ,0
634,This is not overly remarkable. ,0
635,This is not particularly captivating. ,0
636,This is not particularly remarkable. ,0
637,This is not particularly inspiring. ,0
638,This is not particularly exciting. ,0
639,This is not very thrilling. 😔,0
640,This is not particularly thrilling. ,0
641,This is rather average. ,0
642,This is not very impressive. 😔,0
643,This is not overly thrilling. ,0
644,This is rather mundane. ,0
645,This is rather dull. ,0
646,This is rather unexciting. ,0
647,This is not overly exciting. ,0
648,This is rather lackluster. 😞,0
649,This is not particularly outstanding. 😕,0
650,This is not particularly phenomenal. 😒,0
651,This is not very exceptional. ,0
652,This is not particularly phenomenal. ,0
653,This is rather ordinary. ,0
654,This is not particularly remarkable. ,0
655,This is not particularly impressive. ,0
656,This is not very remarkable. ,0
657,This is not particularly exceptional. ,0
658,This is rather pedestrian. 😐,0
659,This is not particularly outstanding. ,0
660,This is not particularly breathtaking. ,0
661,This is rather forgettable. ,0
662,This is not particularly memorable. ,0
663,This is not very memorable. ,0
664,This is rather bland. ,0
665,This is not particularly captivating. 😞,0
666,This is rather unremarkable. ,0
667,This is not very captivating. 😔,0
668,This is rather disappointing. 😞,0
669,This is not very satisfying. ,0
670,This is not particularly satisfying. ,0
671,This is rather unsatisfactory. ,0
672,This is rather displeasing. ,0
673,This is rather underwhelming. ,0
674,This is not very exciting. ,0
675,This is not particularly thrilling. ,0
676,This is rather lackluster. ,0
677,This is rather unimpressive. ,0
678,This is rather uninspiring. 😞,0
679,This is rather disheartening. ,0
680,This is rather unexceptional. 😞,0
681,This is not very inspiring. ,0
682,This is not very exceptional. ,0
683,This is utterly disappointing. 😞,0
684,What a letdown! 😔,0
685,I had higher hopes for this. 😕,0
686,Completely unimpressed. 😒,0
687,This is a total flop. 😴,0
688,Disastrous quality. 😔,0
689,Seriously underwhelming. 😕,0
690,I'm thoroughly disappointed. 😞,0
691,This is just plain awful. 😠,0
692,Not even close to satisfactory. 😞,0
693,Extremely lackluster. 😔,0
694,Mediocre at best. 😐,0
695,A complete disappointment. 😞,0
696,This falls far short of expectations. 😕,0
697,Truly uninspiring. 😴,0
698,I'm utterly unimpressed. 😕,0
699,This is just not cutting it. 😞,0
700,Very dissatisfying. 😞,0
701,Severely lacking in quality. 😔,0
702,Quite a disappointment. 😞,0
703,Well below par. 😞,0
704,Not worth the time. 🕰️,0
705,I expected so much more. 😔,0
706,This is a total letdown. 😔,0
707,Disappointing to the core. 😞,0
708,Majorly unimpressive. 😕,0
709,This is just plain bad. 😞,0
710,Far from impressive. 😕,0
711,Not even remotely satisfying. 😞,0
712,Really falling short here. 😞,0
713,This is a real downer. 😞,0
714,I'm thoroughly unimpressed. 😒,0
715,Seriously lacking in quality. 😔,0
716,This is a major disappointment. 😞,0
717,"Quite unimpressive, I must say. 😕",0
718,"A total letdown, honestly. 😔",0
719,This just doesn't meet the mark. 😞,0
720,"Disappointing, to say the least. 😞",0
721,Definitely not up to par. 😞,0
722,Seriously lacking in appeal. 😕,0
723,Really missing the mark here. 😞,0
724,Extremely unsatisfactory. 😞,0
725,This is just dismal. 😞,0
726,Falling short of expectations. 😕,0
727,Not even close to acceptable. 😞,0
728,Very disheartening. 😞,0
729,Severely lacking in charm. 😕,0
730,Really not impressing me. 😕,0
731,This is just not doing it for me. 😞,0
732,"Quite the letdown, unfortunately. 😔",0
733,I expected better than this. 😕,0
734,Really not feeling it with this. 😔,0
735,This is just not good enough. 😞,0
736,Significantly lacking in appeal. 😔,0
737,Disappointingly subpar. 😞,0
738,Really dropping the ball here. 😞,0
739,Not at all what I hoped for. 😔,0
740,Extremely unsatisfying. 😞,0
741,This is just not working. 😞,0
742,Very disappointing indeed. 😔,0
743,"A major disappointment, honestly. 😞",0
744,This is just downright bad. 😞,0
745,Extremely underwhelming. 😔,0
746,Really not up to snuff. 😞,0
747,Seriously lacking in substance. 😔,0
748,This is just not up to scratch. 😞,0
749,Disappointingly lackluster. 😔,0
750,Not impressing me in the slightest. 😔,0
751,Really missing the mark with this one. 😞,0
752,Not at all up to par. 😞,0
753,Quite unsatisfactory. 😞,0
754,Just not hitting the mark. 😔,0
755,"Extremely disappointing, I must say. 😞",0
756,This is just not satisfactory. 😔,0
757,"Falling short of expectations, unfortunately. 😞",0
758,Not even close to what I wanted. 😞,0
759,Seriously lacking in quality and appeal. 😔,0
760,This is just not doing it for me. 😔,0
761,Majorly lacking in execution. 😞,0
762,Not even remotely impressive. 😔,0
763,Really falling flat here. 😞,0
764,Very disappointing performance. 😔,0
765,Not meeting expectations at all. 😞,0
766,Severely lacking in substance and quality. 😞,0
767,"Quite the disappointment, I'm afraid. 😞",0
768,This is just not what I had in mind. 😔,0
769,Seriously falling short here. 😞,0
770,"Not living up to expectations, unfortunately. 😞",0
771,"Extremely unsatisfactory, to say the least. 😞",0
772,Very let down by this. 😞,0
773,This is just not cutting it for me. 😔,0
774,Seriously lacking in every aspect. 😔,0
775,Disappointingly mediocre. 😔,0
776,Really not impressing me much. 😕,0
777,Very disappointing outcome. 😞,0
778,"Not hitting the mark, I'm afraid. 😔",0
779,Severely lacking in appeal and quality. 😞,0
780,"Quite the disappointment, honestly speaking. 😔",0
781,This is just not doing it for me. 😞,0
782,"Extremely underwhelming, unfortunately. 😞",0
783,"Really not up to par, I must say. 😞",0
784,Majorly disappointed by this. 😔,0
785,Severely lacking in charm and appeal. 😞,0
786,This is just not what I expected. 😔,0
787,"Significantly underwhelming, I'm afraid. 😞",0
788,"Quite the letdown, to be honest. 😔",0
789,Really not meeting the expectations here. 😔,0
790,Very disappointed with the result. 😞,0
791,Not even close to satisfying. 😞,0
792,This is just not satisfactory. 😔,0
793,Extremely disappointed by this outcome. 😞,0
794,Really falling short in every way. 😞,0
795,"Very underwhelming performance, unfortunately. 😞",0
796,"Quite the disappointment, without a doubt. 😔",0
797,Severely lacking in execution and quality. 😞,0
798,This is just not what I wanted to see. 😔,0
799,"Significantly lacking in every aspect, I'm afraid. 😞",0
800,Very disappointed in this. 😞,0
801,Really not what I had hoped for. 😔,0
802,"Extremely underwhelming, to say the least. 😔",0
803,This is just not living up to expectations. 😔,0
804,"Quite the letdown, I must say. 😔",0
805,Really not impressed with this at all. 😔,0
806,Not even close to what I wanted. 😞,0
807,This is just not acceptable. 😔,0
808,"Very disappointing, to be honest. 😞",0
809,Severely lacking in all aspects. 😞,0
810,This is just not worth it. 😞,0
811,"Quite unsatisfactory, I'm afraid. 😞",0
812,Really falling short of the mark here. 😞,0
813,Very disappointed with this outcome. 😞,0
814,Not even remotely close to satisfactory. 😞,0
815,This is just not doing it for me. 😔,0
816,Severely lacking in every department. 😞,0
817,"Quite the disappointment, I have to say. 😔",0
818,Really not impressing me in the slightest. 😔,0
819,"Significantly underwhelming, unfortunately. 😞",0
820,This is just not what I expected at all. 😔,0
821,"Very underwhelming, I must admit. 😔",0
822,Severely lacking in every possible way. 😞,0
823,"Quite the letdown, without a doubt. 😔",0
824,"Really not up to standard, I'm afraid. 😞",0
825,Very disappointed with the quality here. 😔,0
826,Not even close to what I had hoped for. 😞,0
827,This is just not what I wanted. 😔,0
828,"Severely disappointing, I must say. 😞",0
829,"Quite dissatisfactory, without a doubt. 😞",0
830,"Really not meeting the expectations, I'm afraid. 😔",0
831,Very let down by this result. 😞,0
832,Significantly falling short of what's expected. 😞,0
833,"This is just not satisfactory, I must say. 😔",0
834,Severely lacking in every way possible. 😞,0
835,"Quite the disappointment, unfortunately. 😔",0
836,Really not living up to the standard here. 😞,0
837,"Very disappointed with the outcome, without a doubt. 😔",0
838,Not even close to meeting the expectations. 😞,0
839,"This is just not cutting it for me, I'm afraid. 😔",0
840,Severely lacking in quality and execution. 😞,0
841,"Quite the letdown, to be honest. 😔",0
842,Really not what I had hoped for at all. 😔,0
843,Very disappointed with this performance. 😔,0
844,"Significantly underwhelming, to say the least. 😞",0
845,"This is just not worth the effort, I'm afraid. 😔",0
846,Severely lacking in appeal and substance. 😞,0
847,"Quite unsatisfactory, without a doubt. 😞",0
848,Really not what I was expecting here. 😔,0
849,Very disappointed with the quality and outcome. 😔,0
850,"Not even close to satisfactory, unfortunately. 😞",0
851,"This is just not doing it for me, I must say. 😔",0
852,"Severely disappointing, I'm afraid. 😞",0
853,"Quite the letdown, considering the expectations. 😔",0
854,"Really not up to scratch, I have to admit. 😞",0
855,Very disappointed by the lack of effort here. 😔,0
856,"Significantly lacking in every department, I'm afraid. 😞",0
857,This is just not what I had in mind at all. 😔,0
858,"Severely lacking in quality and substance, without a doubt. 😞",0
859,"Quite the disappointment, given the circumstances. 😔",0
860,"Really not impressing me at all, unfortunately. 😔",0
861,"Very underwhelming performance, to be honest. 😞",0
862,Not even remotely close to what's expected. 😞,0
863,"This is just not acceptable in any way, I'm afraid. 😔",0
864,"Severely disappointing, without a doubt. 😞",0
865,"Quite dissatisfactory, I must say. 😔",0
866,Really not meeting the mark here at all. 😞,0
867,"Very disappointed with this result, unfortunately. 😔",0
868,"Significantly underwhelming, given the anticipation. 😞",0
869,"This is just not what I had hoped for, I'm afraid. 😔",0
870,"Severely lacking in every aspect, without a doubt. 😞",0
871,"Quite the letdown, considering the effort. 😔",0
872,"Really not up to standard, I must say. 😔",0
873,"Very disappointed with this outcome, to be honest. 😔",0
874,"Not even close to satisfactory, I'm afraid. 😞",0
875,"This is just not doing it for me, unfortunately. 😔",0
876,"Severely disappointing, given the expectations. 😞",0
877,"Quite the disappointment, all things considered. 😔",0
878,"Really not what I was hoping for, I must admit. 😔",0
879,"Very underwhelming, without a doubt. 😞",0
880,"Significantly lacking in execution and quality, I'm afraid. 😞",0
881,"This is just not what I wanted to see at all, unfortunately. 😔",0
882,"Severely lacking in every possible way, without a doubt. 😞",0
883,"🎉 ""Wow, this project is absolutely fantastic! You've done an incredible job!""",1
884,"👏 ""Bravo! Your project is truly impressive. I'm thoroughly impressed!""",1
885,"🌟 ""This project shines brightly! Your effort and dedication are truly commendable.""",1
886,"💯 ""A perfect score for your outstanding project! Keep up the amazing work!""",1
887,"🙌 ""Hats off to you! Your project is exemplary and deserves all the praise!""",1
888,"👍 ""Thumbs up for a job well done! Your project is top-notch!""",1
889,"🏆 ""You're a champion! Your project is the gold standard of excellence!""",1
890,"🌈 ""Your project is like a rainbow of creativity and brilliance. Simply amazing!""",1
891,"😍 ""I'm in awe of your project! It's absolutely stunning and captivating!""",1
892,"🎊 ""Congratulations on a spectacular project! You've truly outdone yourself!""",1
893,"🥇 ""You've earned the gold medal for this outstanding project! Keep shining!""",1
894,"🎈 ""Celebrate your success! Your project is a delightful masterpiece!""",1
895,"🌟 ""Your project is a shining star in a galaxy of brilliance. Simply outstanding!""",1
896,"🚀 ""Your project has launched to new heights of excellence! Keep soaring!""",1
897,"🎉 ""Let's celebrate your incredible achievement! Your project is phenomenal!""",1
898,"👏 ""Standing ovation for your exceptional project! You've set the bar high!""",1
899,"💖 ""Your project is a masterpiece of creativity and passion. Truly inspiring!""",1
900,"🙌 ""You've hit it out of the park with this project! Absolutely outstanding!""",1
901,"🎓 ""You've graduated to the top of the class with your remarkable project!""",1
902,"🌟 ""Your project is like a guiding star, leading the way to brilliance!""",1
903,"🎉 ""Cheers to your amazing project! You've truly exceeded all expectations!""",1
904,"🏅 ""You deserve a medal for your extraordinary project! Keep up the fantastic work!""",1
905,"🌟 ""Your project sparkles with creativity and innovation. Truly exceptional!""",1
906,"🎊 ""Party time! Your project is a cause for celebration. Well done!""",1
907,"👍 ""Two thumbs up for your outstanding project! You've knocked it out of the park!""",1
908,"💐 ""Your project is a beautiful bouquet of talent and hard work. Simply stunning!""",1
909,"🥳 ""Time to celebrate your amazing achievement! Your project is a triumph!""",1
910,"🎖️ ""You've earned a medal of honor for your exceptional project. Keep shining!""",1
911,"🎇 ""Your project is like a fireworks display of brilliance and creativity!""",1
912,"🌠 ""Your project is a shining example of excellence and innovation. Absolutely marvelous!""",1
913,"🎈 ""Balloons and confetti for your fantastic project! You've done an outstanding job!""",1
914,"🎉 ""A round of applause for your remarkable project! You're truly remarkable!""",1
915,"🌺 ""Your project is a beautiful blossom of creativity and talent. Well done!""",1
916,"👏 ""Bravo! Your project is a true masterpiece. You've outdone yourself!""",1
917,"💫 ""Your project shines bright like a shooting star! Absolutely phenomenal!""",1
918,"🎊 ""Let's celebrate your incredible achievement! Your project is truly remarkable!""",1
919,"🏆 ""You've won first place with your exceptional project! Keep up the amazing work!""",1
920,"🎉 ""Congratulations on a job well done! Your project is absolutely fantastic!""",1
921,"🎈 ""Your project is a breath of fresh air, filled with creativity and inspiration!""",1
922,"🌠 ""Your project is like a constellation of brilliance and innovation. Simply outstanding!""",1
923,"👏 ""A standing ovation for your exceptional project! You've set the bar high!""",1
924,"🥇 ""You're a gold medalist in project excellence! Your work is truly outstanding!""",1
925,"🎉 ""Celebrate your success! Your project is a true masterpiece!""",1
926,"🏅 ""You've earned a medal of honor for your exceptional project. Keep up the fantastic work!""",1
927,"🎊 ""Your project is like a party for the senses! Absolutely phenomenal!""",1
928,"🌺 ""Your project is a beautiful bloom of creativity and talent. Well done!""",1
929,"🌠 ""Your project is a beacon of light in a sea of greatness. Absolutely breathtaking!""",1
930,"🎈 ""Balloons and confetti for your fantastic project! You've done an amazing job!""",1
931,"🎉 ""A round of applause for your remarkable project! You're truly remarkable!""",1
932,"💥 ""Your project is like a firework of creativity and brilliance. Absolutely spectacular!""",1
933,"🏆 ""You've earned the trophy for project excellence! Your work is truly outstanding!""",1
934,"🎉 ""Congratulations on a job well done! Your project is absolutely fantastic!""",1
935,"🎈 ""Your project is a breath of fresh air, filled with creativity and inspiration!""",1
936,"🌠 ""Your project is like a constellation of brilliance and innovation. Simply outstanding!""",1
937,"👏 ""A standing ovation for your exceptional project! You've set the bar high!""",1
938,"🥇 ""You're a gold medalist in project excellence! Your work is truly outstanding!""",1
939,"🎉 ""Celebrate your success! Your project is a true masterpiece!""",1
940,"🏅 ""You've earned a medal of honor for your exceptional project. Keep up the fantastic work!""",1
941,"🎊 ""Your project is like a party for the senses! Absolutely phenomenal!""",1
942,"🌺 ""Your project is a beautiful bloom of creativity and talent. Well done!""",1
943,"🌠 ""Your project is a beacon of light in a sea of greatness. Absolutely breathtaking!""",1
944,"🎈 ""Balloons and confetti for your fantastic project! You've done an amazing job!""",1
945,"🎉 ""A round of applause for your remarkable project! You're truly remarkable!""",1
946,"💥 ""Your project is like a firework of creativity and brilliance. Absolutely spectacular!""",1
947,"🏆 ""You've earned the trophy for project excellence! Your work is truly outstanding!""",1
948,"🎉 ""Congratulations on a job well done! Your project is absolutely fantastic!""",1
949,"🎈 ""Your project is a breath of fresh air, filled with creativity and inspiration!""",1
950,"🌠 ""Your project is like a constellation of brilliance and innovation. Simply outstanding!""",1
951,"👏 ""A standing ovation for your exceptional project! You've set the bar high!""",1
952,"🥇 ""You're a gold medalist in project excellence! Your work is truly outstanding!""",1
953,"🎉 ""Celebrate your success! Your project is a true masterpiece!""",1
954,"🏅 ""You've earned a medal of honor for your exceptional project. Keep up the fantastic work!""",1
955,"🎊 ""Your project is like a party for the senses! Absolutely phenomenal!""",1
956,"🌺 ""Your project is a beautiful bloom of creativity and talent. Well done!""",1
957,"🌠 ""Your project is a beacon of light in a sea of greatness. Absolutely breathtaking!""",1
958,"🎈 ""Balloons and confetti for your fantastic project! You've done an amazing job!""",1
959,"🎉 ""A round of applause for your remarkable project! You're truly remarkable!""",1
960,"💥 ""Your project is like a firework of creativity and brilliance. Absolutely spectacular!""",1
961,"🏆 ""You've earned the trophy for project excellence! Your work is truly outstanding!""",1
962,"🎉 ""Congratulations on a job well done! Your project is absolutely fantastic!""",1
963,"🎈 ""Your project is a breath of fresh air, filled with creativity and inspiration!""",1
964,"🌠 ""Your project is like a constellation of brilliance and innovation. Simply outstanding!""",1
965,"👏 ""A standing ovation for your exceptional project! You've set the bar high!""",1
966,"🥇 ""You're a gold medalist in project excellence! Your work is truly outstanding!""",1
967,"🎉 ""Celebrate your success! Your project is a true masterpiece!""",1
968,"🏅 ""You've earned a medal of honor for your exceptional project. Keep up the fantastic work!""",1
969,"🎊 ""Your project is like a party for the senses! Absolutely phenomenal!""",1
970,"🌺 ""Your project is a beautiful bloom of creativity and talent. Well done!""",1
971,"🌠 ""Your project is a beacon of light in a sea of greatness. Absolutely breathtaking!""",1
972,"🎈 ""Balloons and confetti for your fantastic project! You've done an amazing job!""",1
973,"🎉 ""A round of applause for your remarkable project! You're truly remarkable!""",1
974,"💥 ""Your project is like a firework of creativity and brilliance. Absolutely spectacular!""",1
975,"🏆 ""You've earned the trophy for project excellence! Your work is truly outstanding!""",1
976,"🎉 ""Congratulations on a job well done! Your project is absolutely fantastic!""",1
977,"🎈 ""Your project is a breath of fresh air, filled with creativity and inspiration!""",1
978,"🌠 ""Your project is like a constellation of brilliance and innovation. Simply outstanding!""",1
979,"👏 ""A standing ovation for your exceptional project! You've set the bar high!""",1
980,"🥇 ""You're a gold medalist in project excellence! Your work is truly outstanding!""",1
981,"🎉 ""Celebrate your success! Your project is a true masterpiece!""",1
982,"🏅 ""You've earned a medal of honor for your exceptional project. Keep up the fantastic work!""",1
983,"🎊 ""Your project is like a party for the senses! Absolutely phenomenal!""",1
984,"🌺 ""Your project is a beautiful bloom of creativity and talent. Well done!""",1
985,"🌠 ""Your project is a beacon of light in a sea of greatness. Absolutely breathtaking!""",1
986,"🎈 ""Balloons and confetti for your fantastic project! You've done an amazing job!""",1
987,"🎉 ""A round of applause for your remarkable project! You're truly remarkable!""",1
988,"💥 ""Your project is like a firework of creativity and brilliance. Absolutely spectacular!""",1
989,"🏆 ""You've earned the trophy for project excellence! Your work is truly outstanding!""",1
990,"🎉 ""Congratulations on a job well done! Your project is absolutely fantastic!""",1
991,"🎈 ""Your project is a breath of fresh air, filled with creativity and inspiration!""",1
992,"🌠 ""Your project is like a constellation of brilliance and innovation. Simply outstanding!""",1
993,"👏 ""A standing ovation for your exceptional project! You've set the bar high!""",1
994,"🥇 ""You're a gold medalist in project excellence! Your work is truly outstanding!""",1
995,"🎉 ""Celebrate your success! Your project is a true masterpiece!""",1
996,"🏅 ""You've earned a medal of honor for your exceptional project. Keep up the fantastic work!""",1
997,"🎊 ""Your project is like a party for the senses! Absolutely phenomenal!""",1
998,"🌺 ""Your project is a beautiful bloom of creativity and talent. Well done!""",1
999,"🌠 ""Your project is a beacon of light in a sea of greatness. Absolutely breathtaking!""",1
1000,"🎈 ""Balloons and confetti for your fantastic project! You've done an amazing job!""",1
1001,"🎉 ""A round of applause for your remarkable project! You're truly remarkable!""",1
1002,"💥 ""Your project is like a firework of creativity and brilliance. Absolutely spectacular!""",1
1003,"🏆 ""You've earned the trophy for project excellence! Your work is truly outstanding!""",1
1004,"🎉 ""Congratulations on a job well done! Your project is absolutely fantastic!""",1
1005,"🎈 ""Your project is a breath of fresh air, filled with creativity and inspiration!""",1
1006,"🌠 ""Your project is like a constellation of brilliance and innovation. Simply outstanding!""",1
1007,"👏 ""A standing ovation for your exceptional project! You've set the bar high!""",1
1008,"🥇 ""You're a gold medalist in project excellence! Your work is truly outstanding!""",1
1009,"🎉 ""Celebrate your success! Your project is a true masterpiece!""",1
1010,"🏅 ""You've earned a medal of honor for your exceptional project. Keep up the fantastic work!""",1
1011,"🎊 ""Your project is like a party for the senses! Absolutely phenomenal!""",1
1012,"🌺 ""Your project is a beautiful bloom of creativity and talent. Well done!""",1
1013,"🌠 ""Your project is a beacon of light in a sea of greatness. Absolutely breathtaking!""",1
1014,"🎈 ""Balloons and confetti for your fantastic project! You've done an amazing job!""",1
1015,"🎉 ""A round of applause for your remarkable project! You're truly remarkable!""",1
1016,"💥 ""Your project is like a firework of creativity and brilliance. Absolutely spectacular!""",1
1017,"🏆 ""You've earned the trophy for project excellence! Your work is truly outstanding!""",1
1018,"🎉 ""Congratulations on a job well done! Your project is absolutely fantastic!""",1
1019,"🎈 ""Your project is a breath of fresh air, filled with creativity and inspiration!""",1
1020,"🌠 ""Your project is like a constellation of brilliance and innovation. Simply outstanding!""",1
1021,"👏 ""A standing ovation for your exceptional project! You've set the bar high!""",1
1022,"🥇 ""You're a gold medalist in project excellence! Your work is truly outstanding!""",1
1023,"🎉 ""Celebrate your success! Your project is a true masterpiece!""",1
1024,"🏅 ""You've earned a medal of honor for your exceptional project. Keep up the fantastic work!""",1
1025,"🎊 ""Your project is like a party for the senses! Absolutely phenomenal!""",1
1026,"🌺 ""Your project is a beautiful bloom of creativity and talent. Well done!""",1
1027,"🌠 ""Your project is a beacon of light in a sea of greatness. Absolutely breathtaking!""",1
1028,"🎈 ""Balloons and confetti for your fantastic project! You've done an amazing job!""",1
1029,"🎉 ""A round of applause for your remarkable project! You're truly remarkable!""",1
1030,"💥 ""Your project is like a firework of creativity and brilliance. Absolutely spectacular!""",1
1031,"🏆 ""You've earned the trophy for project excellence! Your work is truly outstanding!""",1
1032,"🎉 ""Congratulations on a job well done! Your project is absolutely fantastic!""",1
1033,"🎈 ""Your project is a breath of fresh air, filled with creativity and inspiration!""",1
1034,"🌠 ""Your project is like a constellation of brilliance and innovation. Simply outstanding!""",1
1035,"👏 ""A standing ovation for your exceptional project! You've set the bar high!""",1
1036,"🥇 ""You're a gold medalist in project excellence! Your work is truly outstanding!""",1
1037,"🎉 ""Celebrate your success! Your project is a true masterpiece!""",1
1038,"🏅 ""You've earned a medal of honor for your exceptional project. Keep up the fantastic work!""",1
1039,"🎊 ""Your project is like a party for the senses! Absolutely phenomenal!""",1
1040,"🌺 ""Your project is a beautiful bloom of creativity and talent. Well done!""",1
1041,"🌠 ""Your project is a beacon of light in a sea of greatness. Absolutely breathtaking!""",1
1042,"🎈 ""Balloons and confetti for your fantastic project! You've done an amazing job!""",1
1043,"🎉 ""A round of applause for your remarkable project! You're truly remarkable!""",1
1044,"💥 ""Your project is like a firework of creativity and brilliance. Absolutely spectacular!""",1
1045,"🏆 ""You've earned the trophy for project excellence! Your work is truly outstanding!""",1
1046,"🎉 ""Congratulations on a job well done! Your project is absolutely fantastic!""",1
1047,"🎈 ""Your project is a breath of fresh air, filled with creativity and inspiration!""",1
1048,"🌠 ""Your project is like a constellation of brilliance and innovation. Simply outstanding!""",1
1049,"👏 ""A standing ovation for your exceptional project! You've set the bar high!""",1
1050,"🥇 ""You're a gold medalist in project excellence! Your work is truly outstanding!""",1
1051,"🎉 ""Celebrate your success! Your project is a true masterpiece!""",1
1052,"🏅 ""You've earned a medal of honor for your exceptional project. Keep up the fantastic work!""",1
1053,"🎊 ""Your project is like a party for the senses! Absolutely phenomenal!""",1
1054,"🌺 ""Your project is a beautiful bloom of creativity and talent. Well done!""",1
1055,"🌠 ""Your project is a beacon of light in a sea of greatness. Absolutely breathtaking!""",1
1056,"🎈 ""Balloons and confetti for your fantastic project! You've done an amazing job!""",1
1057,"🎉 ""A round of applause for your remarkable project! You're truly remarkable!""",1
1058,"💥 ""Your project is like a firework of creativity and brilliance. Absolutely spectacular!""",1
1059,"🏆 ""You've earned the trophy for project excellence! Your work is truly outstanding!""",1
1060,"🎉 ""Congratulations on a job well done! Your project is absolutely fantastic!""",1
1061,"🎈 ""Your project is a breath of fresh air, filled with creativity and inspiration!""",1
1062,"🌠 ""Your project is like a constellation of brilliance and innovation. Simply outstanding!""",1
1063,"👏 ""A standing ovation for your exceptional project! You've set the bar high!""",1
1064,"🥇 ""You're a gold medalist in project excellence! Your work is truly outstanding!""",1
1065,"🎉 ""Celebrate your success! Your project is a true masterpiece!""",1
1066,"🏅 ""You've earned a medal of honor for your exceptional project. Keep up the fantastic work!""",1
1067,"🎊 ""Your project is like a party for the senses! Absolutely phenomenal!""",1
1068,"🌺 ""Your project is a beautiful bloom of creativity and talent. Well done!""",1
1069,"🌠 ""Your project is a beacon of light in a sea of greatness. Absolutely breathtaking!""",1
1070,"🎈 ""Balloons and confetti for your fantastic project! You've done an amazing job!""",1
1071,"🎉 ""A round of applause for your remarkable project! You're truly remarkable!""",1
1072,"💥 ""Your project is like a firework of creativity and brilliance. Absolutely spectacular!""",1
1073,"🏆 ""You've earned the trophy for project excellence! Your work is truly outstanding!""",1
1074,"🎉 ""Congratulations on a job well done! Your project is absolutely fantastic!""",1
1075,"🎈 ""Your project is a breath of fresh air, filled with creativity and inspiration!""",1
1076,"🌠 ""Your project is like a constellation of brilliance and innovation. Simply outstanding!""",1
1077,"👏 ""A standing ovation for your exceptional project! You've set the bar high!""",1
1078,"🥇 ""You're a gold medalist in project excellence! Your work is truly outstanding!""",1
1079,"🎉 ""Celebrate your success! Your project is a true masterpiece!""",1
1080,"🏅 ""You've earned a medal of honor for your exceptional project. Keep up the fantastic work!""",1
1081,"🎊 ""Your project is like a party for the senses! Absolutely phenomenal!""",1
1082,"🌺 ""Your project is a beautiful bloom of creativity and talent. Well done!""",1
